{
  "manifestName": "ab",
  "items": [
    {
      "name": "/666",
      "version": "3330695d887b6ca2b8163430b8b8cb61",
      "size": 179061
    },
    {
      "name": "/ab",
      "version": "a5bea1d91803985a245a9f3197b471",
      "size": 1601
    },
    {
      "name": "/test/cube.ab",
      "version": "26bfecb57b466bb6c8f190be7b63068",
      "size": 40922
    },
    {
      "name": "/test/cube2.ab",
      "version": "ae15389f31a6cb9078d6dd295da97033",
      "size": 179563
    },
    {
      "name": "/test/cube3.ab",
      "version": "b5d95d74963d662d27891b6e9792cd3c",
      "size": 179764
    }
  ]
}